statistic,AAPL,AMZN,NFLX,META,GOOGL
mean,0.044857944,0.010361979,-0.029674829,-0.006934285,0.029035134
std,0.009320453,0.009556763,0.01340882,0.011581856,0.00837577